<?xml version="1.0" encoding="UTF-8"?>
<GenRun Id="impl_1" LaunchPart="xc7a50ticsg325-1L" LaunchTime="1443725540">
  <File Type="OPT-DCP" Name="prob01_behav_opt.dcp"/>
  <File Type="RUN-CONSTRS" Name="$PDATADIR/runs/impl_1/constrs_in.xml"/>
  <File Type="RUN-SRCS" Name="$PDATADIR/runs/impl_1/sources.xml"/>
  <File Type="PWROPT-DCP" Name="prob01_behav_pwropt.dcp"/>
  <File Type="ROUTE-DCP" Name="prob01_behav_routed.dcp"/>
  <File Type="PA-TCL" Name="prob01_behav.tcl"/>
  <File Type="RUN-STRAT" Name="$PDATADIR/runs/impl_1/impl_1.psg"/>
  <File Type="OPT-DRC" Name="prob01_behav_drc_opted.rpt"/>
  <File Type="PWROPT-DRC" Name="prob01_behav_drc_pwropted.rpt"/>
  <File Type="OPT-HWDEF" Name="prob01_behav.hwdef"/>
  <File Type="PLACE-DCP" Name="prob01_behav_placed.dcp"/>
  <File Type="PLACE-IO" Name="prob01_behav_io_placed.rpt"/>
  <File Type="PLACE-CLK" Name="prob01_behav_clock_utilization_placed.rpt"/>
  <File Type="PLACE-UTIL" Name="prob01_behav_utilization_placed.rpt"/>
  <File Type="PLACE-UTIL-PB" Name="prob01_behav_utilization_placed.pb"/>
  <File Type="PLACE-CTRL" Name="prob01_behav_control_sets_placed.rpt"/>
  <File Type="PLACE-SIMILARITY" Name="prob01_behav_incremental_reuse_placed.rpt"/>
  <File Type="PLACE-PRE-SIMILARITY" Name="prob01_behav_incremental_reuse_pre_placed.rpt"/>
  <File Type="POSTPLACE-PWROPT-DCP" Name="prob01_behav_postplace_pwropt.dcp"/>
  <File Type="PHYSOPT-DCP" Name="prob01_behav_physopt.dcp"/>
  <File Type="RDI-RDI" Name="prob01_behav.vdi"/>
  <File Type="PHYSOPT-DRC" Name="prob01_behav_drc_physopted.rpt"/>
  <File Type="ROUTE-DRC" Name="prob01_behav_drc_routed.rpt"/>
  <File Type="ROUTE-DRC-PB" Name="prob01_behav_drc_routed.pb"/>
  <File Type="ROUTE-PWR" Name="prob01_behav_power_routed.rpt"/>
  <File Type="ROUTE-PWR-SUM" Name="prob01_behav_power_summary_routed.pb"/>
  <File Type="ROUTE-STATUS" Name="prob01_behav_route_status.rpt"/>
  <File Type="ROUTE-STATUS-PB" Name="prob01_behav_route_status.pb"/>
  <File Type="ROUTE-TIMINGSUMMARY" Name="prob01_behav_timing_summary_routed.rpt"/>
  <File Type="ROUTE-TIMING-PB" Name="prob01_behav_timing_summary_routed.pb"/>
  <File Type="ROUTE-TIMING-RPX" Name="prob01_behav_timing_summary_routed.rpx"/>
  <File Type="ROUTE-SIMILARITY" Name="prob01_behav_incremental_reuse_routed.rpt"/>
  <File Type="ROUTE-CLK" Name="prob01_behav_clock_utilization_routed.rpt"/>
  <File Type="POSTROUTE-PHYSOPT-DCP" Name="prob01_behav_postroute_physopt.dcp"/>
  <File Type="POSTROUTE-PHYSOPT-TIMING" Name="prob01_behav_timing_summary_postroute_physopted.rpt"/>
  <File Type="POSTROUTE-PHYSOPT-TIMING-PB" Name="prob01_behav_timing_summary_postroute_physopted.pb"/>
  <File Type="POSTROUTE-PHYSOPT-TIMING-RPX" Name="prob01_behav_timing_summary_postroute_physopted.rpx"/>
  <File Type="BG-BIT" Name="prob01_behav.bit"/>
  <File Type="BG-BIN" Name="prob01_behav.bin"/>
  <File Type="BITSTR-MSK" Name="prob01_behav.msk"/>
  <File Type="BITSTR-RBT" Name="prob01_behav.rbt"/>
  <File Type="BITSTR-NKY" Name="prob01_behav.nky"/>
  <File Type="BITSTR-BMM" Name="prob01_behav_bd.bmm"/>
  <File Type="BITSTR-MMI" Name="prob01_behav.mmi"/>
  <File Type="BITSTR-SYSDEF" Name="prob01_behav.sysdef"/>
  <File Type="BG-BGN" Name="prob01_behav.bgn"/>
  <File Type="BG-DRC" Name="prob01_behav.drc"/>
  <File Type="WBT-USG" Name="usage_statistics_webtalk.html"/>
  <FileSet Name="sources" Type="DesignSrcs" RelSrcDir="$PSRCDIR/sources_1">
    <Filter Type="Srcs"/>
    <File Path="$PSRCDIR/sources_1/new/prob1_behavorial.vhd">
      <FileInfo>
        <Attr Name="UsedIn" Val="synthesis"/>
        <Attr Name="UsedIn" Val="simulation"/>
      </FileInfo>
    </File>
    <Config>
      <Option Name="DesignMode" Val="RTL"/>
      <Option Name="TopModule" Val="prob01_behav"/>
      <Option Name="TopAutoSet" Val="TRUE"/>
    </Config>
  </FileSet>
  <FileSet Name="constrs_in" Type="Constrs" RelSrcDir="$PSRCDIR/constrs_1">
    <Filter Type="Constrs"/>
    <Config>
      <Option Name="ConstrsType" Val="XDC"/>
    </Config>
  </FileSet>
  <Strategy Version="1" Minor="2">
    <StratHandle Name="Vivado Implementation Defaults" Flow="Vivado Implementation 2015">
      <Desc>Vivado Implementation Defaults</Desc>
    </StratHandle>
    <Step Id="init_design"/>
    <Step Id="opt_design"/>
    <Step Id="power_opt_design"/>
    <Step Id="place_design"/>
    <Step Id="post_place_power_opt_design"/>
    <Step Id="phys_opt_design"/>
    <Step Id="route_design"/>
    <Step Id="post_route_phys_opt_design"/>
    <Step Id="write_bitstream"/>
  </Strategy>
</GenRun>
